LastName,FirstName,MobileNo,"Email Address"
Alipio,"Cef Andro",09335106340
Cagado,"Wynne Carl",09276486767
Cruz,"Florence Marion",09362931014
"Dela Rosa","Zsaneah Mitchael",09201723028
Domingo,"Athena Meily",09062692297
Garcia,"John Owen",09256263542
Javillonar,Lawrizel,09053371973
Kaur,Sukhpreet,09152557609
Lagman,"Rhinoa Mikaela",09216981721
Maclang,Ezekiel,09195993874
Morante,Christine,09269969034
Noble,"Caleb Ronald",09171694718
Pagunsan,"Sofia Isabel",09222967160
Rodriguez,"Adrian John",09177123091
Tejada,Therence,09168580829
