LastName,FirstName,MobileNo,Email Address
Barrientos,Rheinschatz,9422448466,
Cabal,Martheena Heleyna,9989887805,
Caballero,Princess Myca,9087118158,
Cahigus,Darell Kim,9204059031,
Carreon,Bianca Nicole,9260626400,
De Jesus,Stacey Aaliyah,9055443595,
De Leon,Atheena Sumer,9173687608,
Dela Cruz,Jan Faith Chantelle,9164725352,
Eleogo,Dirk Yuri,9276000981,
Gaddi,Zhyro Job,9335010676,
Garcia,Arienne Mhae,9471888452,
Millan,Joshua Felise,9234901677,
Pagtalunan,Hannah Beatrice ,9336591588,
Rovillos,Lance Andrei,9364278162,
Samonte,Francine Lewis,9335475155,
Solaiman,Rehan,9104762503,
Torres,Juliana,9204192751,
Trinidad,Elisha Jade,9062305930,
Unite,Mikhail Andrei,9329223828,
Valenzuela,Rhianna Jane,9279279285,
Venturina,Julio Mari,9178938298,
Vivas,Jenica,9233200921,
Yabut,Sharina Mae,9423607830,
